{
  "1": {
    "hard_iron_bias": [
      6.659225,
      1.222732,
      1.3351950000000001
    ],
    "soft_iron_matrix": [
      [
        0.99999960490823,
        0.0,
        0.0
      ],
      [
        0.0,
        0.6887839122129835,
        0.0
      ],
      [
        0.0,
        0.0,
        0.5
      ]
    ],
    "calibration_quality": 0.6468609900136133
  },
  "2": {
    "hard_iron_bias": [
      6.649654,
      1.294517,
      1.521835
    ],
    "soft_iron_matrix": [
      [
        0.9999995678377411,
        0.0,
        0.0
      ],
      [
        0.0,
        0.6691577153624011,
        0.0
      ],
      [
        0.0,
        0.0,
        0.5
      ]
    ],
    "calibration_quality": 0.6538923367914955
  },
  "3": {
    "hard_iron_bias": [
      6.8350975,
      1.0492525000000001,
      1.5888339999999999
    ],
    "soft_iron_matrix": [
      [
        0.9999995733540682,
        0.0,
        0.0
      ],
      [
        0.0,
        0.654925254956806,
        0.0
      ],
      [
        0.0,
        0.0,
        0.5
      ]
    ],
    "calibration_quality": 0.6445818488628778
  },
  "4": {
    "hard_iron_bias": [
      6.922435999999999,
      0.762114,
      1.5206385
    ],
    "soft_iron_matrix": [
      [
        0.9999995621845654,
        0.0,
        0.0
      ],
      [
        0.0,
        0.615283843933552,
        0.0
      ],
      [
        0.0,
        0.0,
        0.5
      ]
    ],
    "calibration_quality": 0.6410534470730722
  },
  "5": {
    "hard_iron_bias": [
      6.762117,
      1.221536,
      1.6019945
    ],
    "soft_iron_matrix": [
      [
        0.9999995790399152,
        0.0,
        0.0
      ],
      [
        0.0,
        0.7025773774299868,
        0.0
      ],
      [
        0.0,
        0.0,
        0.5
      ]
    ],
    "calibration_quality": 0.6373975775815492
  },
  "6": {
    "hard_iron_bias": [
      6.774081,
      0.9236295,
      0.9810570000000001
    ],
    "soft_iron_matrix": [
      [
        0.9999995671894512,
        0.0,
        0.0
      ],
      [
        0.0,
        0.6310043688998087,
        0.0
      ],
      [
        0.0,
        0.0,
        0.5
      ]
    ],
    "calibration_quality": 0.640495446215912
  },
  "7": {
    "hard_iron_bias": [
      6.898508,
      1.213161,
      1.222732
    ],
    "soft_iron_matrix": [
      [
        0.9999995339423571,
        0.0,
        0.0
      ],
      [
        0.0,
        0.6204655559297512,
        0.0
      ],
      [
        0.0,
        0.0,
        0.5
      ]
    ],
    "calibration_quality": 0.6402074774231101
  },
  "8": {
    "hard_iron_bias": [
      6.910472,
      1.416551,
      1.397408
    ],
    "soft_iron_matrix": [
      [
        0.9999995568242345,
        0.0,
        0.0
      ],
      [
        0.0,
        0.6573769630004178,
        0.0
      ],
      [
        0.0,
        0.0,
        0.5
      ]
    ],
    "calibration_quality": 0.6157861101266353
  },
  "9": {
    "hard_iron_bias": [
      6.912865,
      0.9415755,
      1.0719845000000001
    ],
    "soft_iron_matrix": [
      [
        0.9999995288610583,
        0.0,
        0.0
      ],
      [
        0.0,
        0.6035064012023539,
        0.0
      ],
      [
        0.0,
        0.0,
        0.5
      ]
    ],
    "calibration_quality": 0.6410113020663442
  },
  "10": {
    "hard_iron_bias": [
      6.932007,
      0.6664015000000001,
      1.0313065
    ],
    "soft_iron_matrix": [
      [
        0.999999546022049,
        0.0,
        0.0
      ],
      [
        0.0,
        0.638642451909222,
        0.0
      ],
      [
        0.0,
        0.0,
        0.5
      ]
    ],
    "calibration_quality": 0.6393181946825524
  },
  "11": {
    "hard_iron_bias": [
      6.848258,
      1.316052,
      1.3100705000000001
    ],
    "soft_iron_matrix": [
      [
        0.9999995606364853,
        0.0,
        0.0
      ],
      [
        0.0,
        0.6615060011452368,
        0.0
      ],
      [
        0.0,
        0.0,
        0.5
      ]
    ],
    "calibration_quality": 0.6336547602926035
  },
  "12": {
    "hard_iron_bias": [
      6.927222,
      0.440279,
      1.014557
    ],
    "soft_iron_matrix": [
      [
        0.9999995669216344,
        0.0,
        0.0
      ],
      [
        0.0,
        0.6590922251562724,
        0.0
      ],
      [
        0.0,
        0.0,
        0.5
      ]
    ],
    "calibration_quality": 0.6070467670942153
  },
  "13": {
    "hard_iron_bias": [
      7.0169525,
      0.7334,
      1.0719845000000001
    ],
    "soft_iron_matrix": [
      [
        0.9999995089695238,
        0.0,
        0.0
      ],
      [
        0.0,
        0.5706463442420454,
        0.0
      ],
      [
        0.0,
        0.0,
        0.5
      ]
    ],
    "calibration_quality": 0.6324464261274554
  },
  "14": {
    "hard_iron_bias": [
      6.8350975,
      0.765703,
      1.349552
    ],
    "soft_iron_matrix": [
      [
        0.9999995297826287,
        0.0,
        0.0
      ],
      [
        0.0,
        0.6101341636176809,
        0.0
      ],
      [
        0.0,
        0.0,
        0.5
      ]
    ],
    "calibration_quality": 0.6464678777462696
  },
  "15": {
    "hard_iron_bias": [
      7.075577,
      0.870987,
      1.820938
    ],
    "soft_iron_matrix": [
      [
        0.9999995299238912,
        0.0,
        0.0
      ],
      [
        0.0,
        0.6085142111584012,
        0.0
      ],
      [
        0.0,
        0.0,
        0.5
      ]
    ],
    "calibration_quality": 0.6138969943390559
  },
  "16": {
    "hard_iron_bias": [
      6.8015985,
      0.949951,
      1.4069794999999998
    ],
    "soft_iron_matrix": [
      [
        0.9999995691251031,
        0.0,
        0.0
      ],
      [
        0.0,
        0.6772477680112071,
        0.0
      ],
      [
        0.0,
        0.0,
        0.5
      ]
    ],
    "calibration_quality": 0.6440248081985178
  },
  "17": {
    "hard_iron_bias": [
      6.847062,
      0.524028,
      1.6642085
    ],
    "soft_iron_matrix": [
      [
        0.999999564626814,
        0.0,
        0.0
      ],
      [
        0.0,
        0.6086565710942698,
        0.0
      ],
      [
        0.0,
        0.0,
        0.5
      ]
    ],
    "calibration_quality": 0.6496639075893798
  },
  "18": {
    "hard_iron_bias": [
      6.6197435,
      1.040878,
      1.1545364999999999
    ],
    "soft_iron_matrix": [
      [
        0.9999995817657495,
        0.0,
        0.0
      ],
      [
        0.0,
        0.6623399399518853,
        0.0
      ],
      [
        0.0,
        0.0,
        0.5
      ]
    ],
    "calibration_quality": 0.6529225156176479
  },
  "19": {
    "hard_iron_bias": [
      6.766902,
      0.9714860000000001,
      1.435694
    ],
    "soft_iron_matrix": [
      [
        0.9999995729950493,
        0.0,
        0.0
      ],
      [
        0.0,
        0.6471367242652554,
        0.0
      ],
      [
        0.0,
        0.0,
        0.5
      ]
    ],
    "calibration_quality": 0.6551540315549449
  },
  "20": {
    "hard_iron_bias": [
      6.888937,
      1.179662,
      1.409373
    ],
    "soft_iron_matrix": [
      [
        0.9999995508669262,
        0.0,
        0.0
      ],
      [
        0.0,
        0.6145353321528678,
        0.0
      ],
      [
        0.0,
        0.0,
        0.5
      ]
    ],
    "calibration_quality": 0.6457072221704383
  },
  "21": {
    "hard_iron_bias": [
      6.723832,
      0.9738789999999999,
      1.3878374999999998
    ],
    "soft_iron_matrix": [
      [
        0.999999559855189,
        0.0,
        0.0
      ],
      [
        0.0,
        0.6189682265324762,
        0.0
      ],
      [
        0.0,
        0.0,
        0.5
      ]
    ],
    "calibration_quality": 0.6558993477714994
  },
  "22": {
    "hard_iron_bias": [
      7.056434,
      0.867398,
      1.20359
    ],